,ID,hashtag,prediction
20,1212767448.0,MADRID,web_site
30,5475502749.0,MADRID,web_site
86,1528535648.0,MADRID,triumphal_arch
89,8438146598.0,MADRID,stage
111,18381610443.0,MADRID,palace
120,1623711846.0,MADRID,stage
159,9364433837.0,MADRID,stage
192,3011815999.0,MADRID,abaya
198,2928700739.0,MADRID,fountain
229,8954390824.0,MADRID,palace
230,10356731574.0,MADRID,stage
238,633270373.0,MADRID,triumphal_arch
267,23433098569.0,MADRID,running_shoe
308,6261857492.0,MADRID,palace
348,13086090578.0,MADRID,web_site
353,2110100252.0,MADRID,triumphal_arch
436,6731330073.0,MADRID,fountain
467,7159139916.0,MADRID,palace
472,1730656809.0,MADRID,web_site
507,330826680.0,MADRID,palace
508,3678646787.0,MADRID,fountain
524,5495101181.0,MADRID,abaya
568,3672625443.0,MADRID,soccer_ball
615,14554054836.0,MADRID,soccer_ball
641,5727630836.0,MADRID,web_site
807,198546220.0,MADRID,triumphal_arch
841,267471932.0,MADRID,triumphal_arch
907,3122010858.0,MADRID,wig
976,21977006829.0,MADRID,running_shoe
978,1961402326.0,MADRID,triumphal_arch
1045,1472457325.0,MADRID,triumphal_arch
1047,318095738.0,MADRID,triumphal_arch
1074,2045293674.0,MADRID,palace
1080,1555416750.0,MADRID,running_shoe
1183,37320782.0,MADRID,palace
1223,21990577927.0,MADRID,running_shoe
1226,2995002581.0,MADRID,wig
1281,573527851.0,MADRID,palace
1322,1987301326.0,MADRID,fountain
1365,12889422706.0,MADRID,web_site
1384,888630134.0,MADRID,wig
1415,7269613079.0,MADRID,palace
1478,8086659245.0,MADRID,web_site
1485,7826200330.0,MADRID,triumphal_arch
1496,21607063576.0,MADRID,web_site
1515,2949625594.0,MADRID,web_site
1565,6984784010.0,MADRID,triumphal_arch
1568,2223027832.0,MADRID,fountain
1644,1832373157.0,MADRID,stage
1664,214351681.0,MADRID,web_site
1686,2312105243.0,MADRID,palace
1699,2865169617.0,MADRID,web_site
1711,32396824.0,MADRID,palace
1712,32659897.0,MADRID,stage
1771,588660919.0,MADRID,comic_book
1797,8254361831.0,MADRID,palace
1842,1456492954.0,MADRID,palace
1862,1730656809.0,MADRID,web_site
1908,23303178587.0,MADRID,fountain
1914,2371296321.0,MADRID,wig
1917,24000993245.0,MADRID,comic_book
1937,316110379.0,MADRID,web_site
2008,8239327513.0,MADRID,web_site
2048,1222176370.0,MADRID,fountain
2083,1648907212.0,MADRID,triumphal_arch
2120,21746264403.0,MADRID,comic_book
2197,6322798482.0,MADRID,web_site
2206,7291815816.0,MADRID,wig
2212,7557522739.0,MADRID,web_site
2320,21278157107.0,MADRID,wig
2365,2940757575.0,MADRID,abaya
2370,3017552096.0,MADRID,abaya
2381,316110379.0,MADRID,web_site
2397,401315708.0,MADRID,web_site
2449,8297816.0,MADRID,web_site
2477,1283059604.0,MADRID,web_site
2488,1397873847.0,MADRID,palace
2519,17654545343.0,MADRID,fountain
2567,2439194956.0,MADRID,web_site
2591,316110379.0,MADRID,web_site
2747,198753352.0,MADRID,palace
2814,381449145.0,MADRID,web_site
2850,5604673895.0,MADRID,web_site
2861,6383800317.0,MADRID,web_site
2872,7088044813.0,MADRID,web_site
2882,8028988532.0,MADRID,palace
2900,9172954056.0,MADRID,stage
2918,11348331831.0,MADRID,web_site
2941,1432820940.0,MADRID,stage
2965,1787341808.0,MADRID,web_site
2975,1947435911.0,MADRID,stage
2986,2092688412.0,MADRID,web_site
2992,21728416937.0,MADRID,web_site
3010,241092646.0,MADRID,triumphal_arch
3023,282230202.0,MADRID,palace
3035,3245432186.0,MADRID,fountain
3100,7231719516.0,MADRID,web_site
3149,11530207891.0,MADRID,comic_book
3171,14208088232.0,MADRID,web_site
3191,174710044.0,MADRID,palace
3193,181125609.0,MADRID,stage
3358,9460644688.0,MADRID,palace
3385,14208088232.0,MADRID,web_site
3402,174710044.0,MADRID,palace
3449,225469303.0,MADRID,stage
3558,7944487213.0,MADRID,web_site
3599,13379075359.0,MADRID,web_site
3603,14102681838.0,MADRID,web_site
3648,22113492956.0,MADRID,stage
3660,23230079495.0,MADRID,running_shoe
3662,2345369032.0,MADRID,stage
3790,9030484908.0,MADRID,web_site
3845,16604955561.0,MADRID,soccer_ball
3855,18171676484.0,MADRID,web_site
3886,22157309920.0,MADRID,soccer_ball
3924,31444483.0,MADRID,wig
4039,14690121.0,MADRID,stage
4094,21386643257.0,MADRID,web_site
4176,5487414482.0,MADRID,fountain
4207,7385249861.0,MADRID,comic_book
4233,983588949.0,MADRID,palace
4235,10435924252.0,MADRID,soccer_ball
4240,10818630944.0,MADRID,web_site
4303,211581962.0,MADRID,running_shoe
4307,21628518952.0,MADRID,abaya
4325,23433098569.0,MADRID,running_shoe
4337,259948185.0,MADRID,web_site
4345,2894893279.0,MADRID,palace
4424,7065915644.0,MADRID,web_site
4485,1489137597.0,MADRID,web_site
4541,2297100055.0,MADRID,palace
4546,23439893183.0,MADRID,running_shoe
4571,3074907517.0,MADRID,comic_book
4574,3294012219.0,MADRID,web_site
4637,6390316116.0,MADRID,stage
4766,23433098569.0,MADRID,running_shoe
4792,316110379.0,MADRID,comic_book
4793,316110379.0,MADRID,comic_book
4808,367456296.0,MADRID,fountain
4819,4625807781.0,MADRID,stage
4867,8069166628.0,MADRID,fountain
4868,8139011146.0,MADRID,soccer_ball
4952,2026704983.0,MADRID,stage
4973,23398885664.0,MADRID,web_site
4998,317742657.0,MADRID,abaya
5004,3405613059.0,MADRID,palace
5053,5595223374.0,MADRID,wig
5054,5676057271.0,MADRID,web_site
5061,592259580.0,MADRID,stage
5137,144743240.0,MADRID,palace
5139,14675967542.0,MADRID,web_site
5165,18171676484.0,MADRID,web_site
5166,1826655178.0,MADRID,comic_book
5207,23433098569.0,MADRID,running_shoe
5218,255864237.0,MADRID,palace
5233,316110379.0,MADRID,comic_book
5236,325053514.0,MADRID,palace
5281,5639716712.0,MADRID,web_site
5285,5807070543.0,MADRID,fountain
5355,12906410084.0,MADRID,fountain
5358,13059689292.0,MADRID,palace
5377,1561904747.0,MADRID,palace
5419,22180536210.0,MADRID,web_site
5424,2245340490.0,MADRID,wig
5457,330826680.0,MADRID,palace
5462,3565392450.0,MADRID,wig
5477,4358587986.0,MADRID,wig
5622,20542155.0,MADRID,palace
5646,23433098569.0,MADRID,running_shoe
5659,2858303.0,MADRID,fountain
5661,2936234103.0,MADRID,web_site
5689,4173771327.0,MADRID,fountain
5704,498875269.0,MADRID,triumphal_arch
5709,52942153.0,MADRID,fountain
5713,55627705.0,MADRID,stage
5743,794436636.0,MADRID,stage
5776,9194118.0,MADRID,stage
5828,1610412438.0,MADRID,web_site
5856,2064046414.0,MADRID,web_site
5859,211428267.0,MADRID,palace
5897,265139911.0,MADRID,palace
5908,3096872453.0,MADRID,palace
5920,3471716882.0,MADRID,wig
5933,40838016.0,MADRID,triumphal_arch
5984,7511106237.0,MADRID,web_site
5986,7560515530.0,MADRID,web_site
6013,10961012.0,MADRID,palace
6034,1421517987.0,MADRID,stage
6071,20066908559.0,MADRID,running_shoe
6210,8568463359.0,MADRID,web_site
6212,8607070289.0,MADRID,wig
6260,1421562336.0,MADRID,palace
6280,1635076298.0,MADRID,fountain
6298,2079737333.0,MADRID,stage
6446,8516376587.0,MADRID,comic_book
6463,10270378095.0,MADRID,web_site
6497,1670980063.0,MADRID,palace
6500,1730656809.0,MADRID,web_site
6548,2362491772.0,MADRID,fountain
6557,2621643214.0,MADRID,web_site
6600,4287660499.0,MADRID,palace
6607,4628165447.0,MADRID,soccer_ball
6619,5433896153.0,MADRID,comic_book
6622,5595223374.0,MADRID,stage
6739,2064246812.0,MADRID,fountain
6801,363765709.0,MADRID,stage
6883,8960629164.0,MADRID,web_site
6906,12034993913.0,MADRID,stage
6922,14675471951.0,MADRID,comic_book
6924,1473541123.0,MADRID,web_site
7026,363765709.0,MADRID,stage
7034,3992755728.0,MADRID,palace
7138,1363363532.0,MADRID,palace
7210,24000993245.0,MADRID,web_site
7240,33939164.0,MADRID,wig
7257,4299876666.0,MADRID,web_site
7312,8688670158.0,MADRID,web_site
7381,18041111174.0,MADRID,soccer_ball
7405,217793987.0,MADRID,palace
7440,283428301.0,MADRID,triumphal_arch
7443,296048941.0,MADRID,palace
7463,3624113484.0,MADRID,web_site
7480,4687822879.0,MADRID,web_site
7483,4842794576.0,MADRID,web_site
7495,570670234.0,MADRID,web_site
7592,187672590.0,MADRID,fountain
7636,268858517.0,MADRID,palace
7644,2909615682.0,MADRID,fountain
7661,3323117588.0,MADRID,web_site
7667,3548642812.0,MADRID,web_site
7669,3672625443.0,MADRID,soccer_ball
7687,5342006643.0,MADRID,web_site
7690,5381460171.0,MADRID,web_site
7699,570670234.0,MADRID,web_site
7734,8283641156.0,MADRID,web_site
7797,18064886043.0,MADRID,web_site
7814,200267591.0,MADRID,palace
7849,255864237.0,MADRID,palace
7862,3208471469.0,MADRID,web_site
7920,6685733128.0,MADRID,triumphal_arch
7938,791910782.0,MADRID,palace
8002,1691849273.0,MADRID,running_shoe
8013,186608876.0,MADRID,abaya
8020,2064046414.0,MADRID,web_site
8091,4463794840.0,MADRID,web_site
8188,1411702595.0,MADRID,web_site
8296,49157385.0,MADRID,triumphal_arch
8335,7335102245.0,MADRID,palace
8367,1204104861.0,MADRID,web_site
8390,1501091621.0,MADRID,wig
8394,1520864034.0,MADRID,fountain
8457,31162367.0,MADRID,stage
8473,40334762.0,MADRID,stage
8501,570670234.0,MADRID,web_site
8507,608789998.0,MADRID,web_site
8525,7810408586.0,MADRID,stage
8577,1306324520.0,MADRID,comic_book
8582,1390401611.0,MADRID,fountain
8608,178703874.0,MADRID,fountain
8662,297973159.0,MADRID,triumphal_arch
8707,49532561.0,MADRID,palace
8722,5875317088.0,MADRID,web_site
8740,712886065.0,MADRID,abaya
8746,7484833126.0,MADRID,web_site
8761,8606373833.0,MADRID,web_site
8766,9034644502.0,MADRID,soccer_ball
8774,991265607.0,MADRID,web_site
8822,1730656809.0,MADRID,web_site
8839,2064246812.0,MADRID,fountain
8934,6472333105.0,MADRID,web_site
8947,7269613079.0,MADRID,palace
8954,7784633914.0,MADRID,palace
8978,10650671228.0,MADRID,soccer_ball
9040,2092513672.0,MADRID,fountain
9151,7784633914.0,MADRID,palace
9172,11348331831.0,MADRID,web_site
9198,1520864034.0,MADRID,triumphal_arch
9216,18308654037.0,MADRID,soccer_ball
9240,23199454728.0,MADRID,web_site
9390,2112640434.0,MADRID,palace
9445,5988983294.0,MADRID,soccer_ball
9462,7159139916.0,MADRID,palace
9465,7269613079.0,MADRID,palace
9570,3927926418.0,MADRID,stage
9605,6745065147.0,MADRID,web_site
9707,5036152.0,MADRID,stage
9721,642937496.0,MADRID,palace
9777,1476103390.0,MADRID,triumphal_arch
9859,8211646933.0,MADRID,stage
9950,642937496.0,MADRID,palace
10016,2284918988.0,MADRID,stage
10023,2995002581.0,MADRID,web_site
10175,1523572263.0,MADRID,running_shoe
10176,1523572263.0,MADRID,running_shoe
10177,1523572263.0,MADRID,running_shoe
10204,194360450.0,MADRID,palace
10234,22592778657.0,MADRID,web_site
10266,3046800931.0,MADRID,stage
10295,4427014.0,MADRID,web_site
10310,5504627860.0,MADRID,fountain
10327,641247179.0,MADRID,abaya
10333,687304916.0,MADRID,wig
10354,8927917060.0,MADRID,web_site
10544,7332256750.0,MADRID,palace
10554,2012589315.0,MADRID,triumphal_arch
10591,11348331831.0,MADRID,web_site
10626,1549854930.0,MADRID,web_site
10643,18415268216.0,MADRID,fountain
10652,19321013674.0,MADRID,web_site
10677,2271246758.0,MADRID,palace
10701,305058995.0,MADRID,palace
10703,316110379.0,MADRID,web_site
10718,369864416.0,MADRID,web_site
10750,6265585989.0,MADRID,soccer_ball
10762,6923502026.0,MADRID,wig
10775,814850433.0,MADRID,triumphal_arch
10815,12722025905.0,MADRID,running_shoe
10830,1471765311.0,MADRID,wig
10838,1528222765.0,MADRID,comic_book
10842,1595881448.0,MADRID,palace
10843,1601862465.0,MADRID,palace
10902,23439893183.0,MADRID,running_shoe
10986,6358400672.0,MADRID,wig
10991,670217547.0,MADRID,palace
11022,9132105632.0,MADRID,palace
11032,11104837065.0,MADRID,web_site
11059,1546149999.0,MADRID,web_site
11115,21990577927.0,MADRID,running_shoe
11144,3132889256.0,MADRID,stage
11200,6518047441.0,MADRID,stage
11236,8951559270.0,MADRID,web_site
11244,10235664146.0,MADRID,abaya
11260,1361173521.0,MADRID,triumphal_arch
11380,3917180846.0,MADRID,web_site
11407,5398326110.0,MADRID,web_site
11436,7098269208.0,MADRID,web_site
11440,7185743287.0,MADRID,palace
11448,7703643495.0,MADRID,palace
11459,8607236608.0,MADRID,palace
11489,13283575.0,MADRID,stage
11550,23163910763.0,MADRID,stage
11554,235779361.0,MADRID,web_site
11566,2594444566.0,MADRID,web_site
11631,5888523861.0,MADRID,stage
11646,6818597459.0,MADRID,palace
11653,7088044813.0,MADRID,abaya
11668,8245859255.0,MADRID,web_site
11731,5945961356.0,MADRID,web_site
11770,191412640.0,MADRID,triumphal_arch
11778,3171020686.0,MADRID,palace
11808,9998914526.0,MADRID,palace
11877,8716377053.0,MADRID,web_site
11964,513740231.0,MADRID,fountain
11981,350537454.0,MADRID,web_site
12086,1387100027.0,MADRID,web_site
12097,335126599.0,MADRID,web_site
12107,8716377053.0,MADRID,web_site
12131,11105576053.0,MADRID,soccer_ball
12134,1774348270.0,MADRID,palace
12142,2981300558.0,MADRID,web_site
12162,211007243.0,MADRID,palace
12202,12665136727.0,MADRID,web_site
12243,8709860520.0,MADRID,comic_book
12261,5342006643.0,MADRID,web_site
12299,17212703658.0,MADRID,web_site
12372,23167701268.0,MADRID,web_site
12425,8683545452.0,MADRID,soccer_ball
12446,269452027.0,MADRID,fountain
12486,40561682.0,MADRID,palace
12518,2328931595.0,MADRID,palace
12542,36258243.0,MADRID,stage
12582,205549825.0,MADRID,fountain
12584,2488410054.0,MADRID,soccer_ball
12630,17212703658.0,MADRID,web_site
12686,205549825.0,MADRID,fountain
12766,312158488.0,MADRID,fountain
12775,8987380562.0,MADRID,running_shoe
12785,211007243.0,MADRID,fountain
12820,8716377053.0,MADRID,web_site
12869,5900232672.0,MADRID,comic_book
12870,6683888956.0,MADRID,stage
12884,241442706.0,MADRID,stage
12953,1325036727.0,MADRID,wig
12983,18642993684.0,MADRID,soccer_ball
12995,5900232672.0,MADRID,comic_book
13006,1638275951.0,MADRID,palace
13066,2649656169.0,MADRID,triumphal_arch
13078,7106443759.0,MADRID,fountain
13163,1472457325.0,MADRID,palace
13228,3782959890.0,MADRID,fountain
13289,8421418785.0,MADRID,fountain
13417,968517962.0,MADRID,triumphal_arch
13539,3186270124.0,MADRID,stage
13586,21680653296.0,MADRID,soccer_ball
13596,5323868216.0,MADRID,abaya
13616,35400203.0,MADRID,stage
13639,205549825.0,MADRID,fountain
13655,1131498114.0,MADRID,web_site
13657,1367054824.0,MADRID,palace
13739,4138801285.0,MADRID,abaya
13740,442716354.0,MADRID,web_site
13754,16433191902.0,MADRID,comic_book
13777,205549825.0,MADRID,fountain
13797,205549825.0,MADRID,fountain
13819,513042431.0,MADRID,palace
13845,14542976729.0,MADRID,web_site
13934,24398345635.0,MADRID,triumphal_arch
13957,2257749064.0,MADRID,stage
13966,377206120.0,MADRID,wig
13976,11003402.0,MADRID,palace
14011,231051667.0,MADRID,web_site
14013,232036878.0,MADRID,fountain
14049,7954183788.0,MADRID,stage
14091,181229306.0,MADRID,palace
14224,15641841430.0,MADRID,comic_book
14243,4065756085.0,MADRID,fountain
14289,4356904833.0,MADRID,palace
14306,11104837065.0,MADRID,web_site
14310,12889422706.0,MADRID,web_site
14343,6186312.0,MADRID,palace
14349,9264506392.0,MADRID,web_site
14401,1465582326.0,MADRID,wig
14411,18171676484.0,MADRID,web_site
14444,458285698.0,MADRID,palace
14483,23411068999.0,MADRID,triumphal_arch
14494,15229179081.0,MADRID,soccer_ball
14512,24799715927.0,MADRID,running_shoe
14519,18495697726.0,MADRID,comic_book
14558,248236729.0,MADRID,wig
14574,4260825325.0,MADRID,comic_book
14607,18171676484.0,MADRID,web_site
14609,24397613265.0,MADRID,soccer_ball
14622,276184716.0,MADRID,palace
14636,7155628336.0,MADRID,web_site
14651,12722025905.0,MADRID,running_shoe
14687,5920542579.0,MADRID,stage
14766,18485428366.0,MADRID,web_site
14783,3180486696.0,MADRID,palace
14785,3570756052.0,MADRID,palace
14813,13572928418.0,MADRID,stage
14835,2701573781.0,MADRID,palace
14843,480964110.0,MADRID,web_site
14874,23323005262.0,MADRID,web_site
14901,7792530884.0,MADRID,web_site
14929,187281473.0,MADRID,stage
14976,24084740510.0,MADRID,web_site
15029,3257120662.0,MADRID,palace
15049,1018684181.0,MADRID,palace
15086,7011742172.0,MADRID,palace
15110,205909697.0,MADRID,stage
15134,6186312.0,MADRID,palace
15148,1752182683.0,MADRID,triumphal_arch
15230,1013201832.0,MADRID,palace
15243,20526001137.0,MADRID,palace
15271,8493761580.0,MADRID,palace
15332,1272053667.0,MADRID,web_site
15347,359684426.0,MADRID,palace
15363,5595223374.0,MADRID,wig
15375,36811283.0,MADRID,palace
15407,21930871676.0,MADRID,palace
15438,7246145632.0,MADRID,wig
15552,1743517131.0,MADRID,stage
15612,22576031797.0,MADRID,web_site
15643,204042528.0,MADRID,web_site
15667,205903689.0,MADRID,palace
15693,18676819.0,MADRID,fountain
15746,11104837065.0,MADRID,web_site
15761,1752182683.0,MADRID,triumphal_arch
15803,7218972827.0,MADRID,web_site
15841,2550307265.0,MADRID,comic_book
15906,2550307265.0,MADRID,comic_book
15928,7227709696.0,MADRID,fountain
15943,12722025905.0,MADRID,running_shoe
15969,2965942163.0,MADRID,web_site
15988,5922829434.0,MADRID,soccer_ball
16012,21254307882.0,MADRID,web_site
16040,4260825325.0,MADRID,comic_book
16085,205549825.0,MADRID,fountain
16086,205549825.0,MADRID,fountain
16132,12722025905.0,MADRID,running_shoe
16141,1541764145.0,MADRID,web_site
16154,2701573781.0,MADRID,palace
16217,22587993594.0,MADRID,palace
16273,2051976831.0,MADRID,fountain
16288,3068727653.0,MADRID,running_shoe
16379,12889422706.0,MADRID,web_site
16435,862156405.0,MADRID,stage
16464,2439194956.0,MADRID,web_site
16472,3501583375.0,MADRID,wig
16526,3672625443.0,MADRID,soccer_ball
16527,4091356.0,MADRID,triumphal_arch
16530,4356904833.0,MADRID,palace
16572,205549825.0,MADRID,fountain
16631,24799715927.0,MADRID,running_shoe
16669,1465582326.0,MADRID,wig
16704,7269613079.0,MADRID,palace
16786,4260825325.0,MADRID,comic_book
16795,5764978685.0,MADRID,web_site
16824,181354468.0,MADRID,triumphal_arch
16825,19452795614.0,MADRID,web_site
16844,612204100.0,MADRID,palace
16874,364558090.0,MADRID,palace
16911,7269613079.0,MADRID,palace
16949,205549825.0,MADRID,fountain
16961,16691944751.0,MADRID,triumphal_arch
17055,145760588.0,MADRID,triumphal_arch
17073,54398102.0,MADRID,palace
17101,4851090627.0,MADRID,palace
17166,5334244777.0,MADRID,fountain
17182,24619368555.0,MADRID,web_site
17401,289950398.0,MADRID,abaya
17404,3000365000.0,MADRID,palace
17432,298796400.0,MADRID,palace
17444,7366244293.0,MADRID,running_shoe
17478,8463779125.0,MADRID,web_site
17491,185546315.0,MADRID,palace
17657,316412854.0,MADRID,triumphal_arch
17700,17886297825.0,MADRID,palace
17703,2000916181.0,MADRID,palace
17843,8301360532.0,MADRID,soccer_ball
17867,46579215.0,MADRID,palace
17882,16697549.0,MADRID,palace
18000,208246852.0,MADRID,palace
18100,7159139916.0,MADRID,palace
18101,7159139916.0,MADRID,palace
18118,23284156313.0,MADRID,soccer_ball
18199,25022698587.0,MADRID,web_site
18208,6431639891.0,MADRID,fountain
18209,7159139916.0,MADRID,palace
18222,1615322289.0,MADRID,triumphal_arch
18393,612204100.0,MADRID,palace
18449,1684384652.0,MADRID,palace
18483,332186178.0,MADRID,fountain
18493,4832457652.0,MADRID,stage
18511,7011742172.0,MADRID,palace
18516,7600468741.0,MADRID,web_site
18631,549373579.0,MADRID,wig
18656,1018684181.0,MADRID,palace
18691,1958065849.0,MADRID,wig
18714,373372277.0,MADRID,palace
18740,7870015838.0,MADRID,fountain
18825,7227709696.0,MADRID,fountain
18842,9287592523.0,MADRID,web_site
18868,1626363476.0,MADRID,palace
18928,6950353368.0,MADRID,web_site
18968,5398762163.0,MADRID,stage
19030,21741722216.0,MADRID,comic_book
19045,1611864536.0,MADRID,abaya
19059,1174181154.0,MADRID,palace
19086,443053508.0,MADRID,palace
19144,1192604317.0,MADRID,fountain
19149,1566439159.0,MADRID,palace
19160,1472457325.0,MADRID,palace
19175,6189984731.0,MADRID,web_site
19181,1611864536.0,MADRID,abaya
19201,253891002.0,MADRID,stage
19242,7525442314.0,MADRID,wig
19256,34230640.0,MADRID,palace
19264,1611864536.0,MADRID,abaya
19272,2851399380.0,MADRID,fountain
19282,1611864536.0,MADRID,abaya
19306,3170636738.0,MADRID,palace
19331,11872006654.0,MADRID,web_site
19357,401666922.0,MADRID,palace
19401,1611864536.0,MADRID,abaya
19435,1534595253.0,MADRID,stage
19456,1611864536.0,MADRID,abaya
19520,1611864536.0,MADRID,abaya
19550,8473208885.0,MADRID,stage
19639,3232737028.0,MADRID,web_site
19647,1646315435.0,MADRID,palace
19661,10138358536.0,MADRID,web_site
19678,9124391499.0,MADRID,web_site
19727,3654989805.0,MADRID,palace
19739,290566964.0,MADRID,stage
19761,540114369.0,MADRID,palace
19798,8157284877.0,MADRID,triumphal_arch
19817,9841044652.0,MADRID,comic_book
19849,20238588836.0,MADRID,soccer_ball
19861,5050375454.0,MADRID,web_site
19866,7564611031.0,MADRID,palace
19871,1063641.0,MADRID,fountain
19895,8567926298.0,MADRID,web_site
19948,1253164660.0,MADRID,fountain
19953,16966323010.0,MADRID,web_site
19984,24751612321.0,MADRID,web_site
20007,2263443503.0,MADRID,stage
20024,9339939.0,MADRID,abaya
20034,2175575779.0,MADRID,web_site
20087,22258499660.0,MADRID,soccer_ball
20093,475561511.0,MADRID,web_site
20101,7748122486.0,MADRID,web_site
20114,22644458100.0,MADRID,web_site
20205,7116797129.0,MADRID,stage
20282,7159139916.0,MADRID,palace
20337,1179141440.0,MADRID,web_site
20373,30175923.0,MADRID,stage
20569,6313244773.0,MADRID,web_site
20573,1652118962.0,MADRID,palace
20600,3413531757.0,MADRID,palace
20611,10234536858.0,MADRID,web_site
20756,357136720.0,MADRID,abaya
20782,3413531757.0,MADRID,palace
20786,9124391499.0,MADRID,web_site
20788,10218785827.0,MADRID,web_site
20831,4782635929.0,MADRID,web_site
20839,10843938241.0,MADRID,soccer_ball
20881,5595223374.0,MADRID,stage
20929,665222582.0,MADRID,comic_book
20936,1611864536.0,MADRID,abaya
20941,2099267306.0,MADRID,web_site
20992,1611864536.0,MADRID,abaya
21021,6555316852.0,MADRID,palace
21054,3672575181.0,MADRID,palace
21063,1611864536.0,MADRID,abaya
21120,13698010076.0,MADRID,web_site
21131,9174987686.0,MADRID,web_site
21133,11104837065.0,MADRID,web_site
21171,1371650563.0,MADRID,palace
21182,5649223885.0,MADRID,web_site
21189,1611864536.0,MADRID,abaya
21194,23378431393.0,MADRID,soccer_ball
21201,7053540380.0,MADRID,palace
21203,9448683590.0,MADRID,web_site
21208,1501787048.0,MADRID,stage
21245,1725402857.0,MADRID,comic_book
21247,24032147715.0,MADRID,comic_book
21261,230527162.0,MADRID,palace
21265,443784951.0,MADRID,wig
21355,207862610.0,MADRID,palace
21365,8927215282.0,MADRID,soccer_ball
21370,17672401087.0,MADRID,palace
21372,2130141663.0,MADRID,fountain
21471,3168342978.0,MADRID,stage
21482,21612149472.0,MADRID,abaya
21484,22222113875.0,MADRID,palace
21491,4477257182.0,MADRID,stage
21503,591340468.0,MADRID,palace
21506,9124391499.0,MADRID,web_site
21559,7739778749.0,MADRID,fountain
21629,13390827687.0,MADRID,abaya
21649,2293220921.0,MADRID,web_site
21666,1611864536.0,MADRID,abaya
21678,6643400711.0,MADRID,stage
21685,1901065152.0,MADRID,web_site
21695,6874842891.0,MADRID,wig
21711,5649223885.0,MADRID,web_site
21750,7995797064.0,MADRID,web_site
21757,2177644454.0,MADRID,web_site
21760,308759806.0,MADRID,stage
21778,1436429126.0,MADRID,comic_book
21803,1246175606.0,MADRID,stage
21821,2058171340.0,MADRID,web_site
21875,1329253649.0,MADRID,wig
21912,2177644454.0,MADRID,web_site
22020,182405522.0,MADRID,palace
22044,6613073585.0,MADRID,comic_book
22073,3029163433.0,MADRID,web_site
22081,2058171340.0,MADRID,web_site
22088,381047481.0,MADRID,stage
22103,500635926.0,MADRID,triumphal_arch
22117,2080131241.0,MADRID,stage
22140,15394533514.0,MADRID,web_site
22162,38346647.0,MADRID,comic_book
22224,15405292056.0,MADRID,web_site
22229,288030690.0,MADRID,fountain
22302,246805123.0,MADRID,fountain
22398,17329296768.0,MADRID,web_site
